{"url":["gameAudio.ogg","gameAudio.mp3"],"sprites":{"button_down_0":{"start":0,"end":0.07879818594104308},"button_down_1":{"start":1.5000000000000002,"end":1.5572562358276647},"button_down_2":{"start":3.0000000000000004,"end":3.0560317460317465},"button_down_3":{"start":4.5,"end":4.560340136054422},"button_down_4":{"start":6,"end":6.046802721088436},"button_down_5":{"start":7.5,"end":7.564036281179138},"button_hover_0":{"start":9,"end":9.198253968253969},"button_hover_1":{"start":10.5,"end":10.70562358276644},"button_hover_2":{"start":12,"end":12.198208616780045},"button_hover_3":{"start":13.5,"end":13.689591836734694},"button_hover_4":{"start":15,"end":15.181587301587301},"button_hover_5":{"start":16.5,"end":16.66251700680272},"button_up_0":{"start":18,"end":18.05049886621315},"button_up_1":{"start":19.5,"end":19.55233560090703},"button_up_2":{"start":21,"end":21.057256235827666},"button_up_3":{"start":22.5,"end":22.55049886621315},"button_up_4":{"start":24,"end":24.04061224489796},"button_up_5":{"start":25.5,"end":25.54249433106576},"card_drop_0":{"start":27,"end":27.07795918367347},"card_drop_1":{"start":28.5,"end":28.58798185941043},"card_drop_2":{"start":30,"end":30.108888888888888},"card_drop_3":{"start":31.5,"end":31.60154195011338},"card_drop_4":{"start":33,"end":33.09358276643991},"card_drop_5":{"start":34.5,"end":34.59358276643991},"card_drop_6":{"start":36,"end":36.105215419501135},"card_flip_0":{"start":37.5,"end":38},"card_flip_1":{"start":39,"end":39.5},"card_flip_2":{"start":40.5,"end":41},"card_flip_3":{"start":42,"end":42.5},"card_flip_4":{"start":43.5,"end":44},"card_flip_5":{"start":45,"end":45.5},"card_flip_6":{"start":46.5,"end":47},"card_flip_7":{"start":48,"end":48.5},"card_flip_8":{"start":49.5,"end":50},"card_flip_9":{"start":51,"end":51.5},"card_get_0":{"start":52.5,"end":52.6},"card_get_1":{"start":54,"end":54.06918367346939},"card_get_2":{"start":55.5,"end":55.6},"card_get_3":{"start":57,"end":57.1},"card_get_4":{"start":58.5,"end":58.6},"card_get_5":{"start":60,"end":60.1},"card_get_6":{"start":61.5,"end":61.6},"card_get_7":{"start":63,"end":63.1},"card_hint":{"start":64.5,"end":65.5},"card_move":{"start":66,"end":66.7071201814059},"card_no_move_0":{"start":67.5,"end":67.8758276643991},"card_no_move_1":{"start":69,"end":69.44278911564626},"card_no_move_2":{"start":70.5,"end":70.93936507936507},"card_no_move_3":{"start":72,"end":72.37854875283446},"card_no_move_4":{"start":73.5,"end":73.8488888888889},"card_shuffle":{"start":75,"end":75.9},"card_undo":{"start":76.5,"end":76.7},"modal_in":{"start":78,"end":78.3659410430839},"modal_out":{"start":79.5,"end":79.9},"new_game":{"start":81,"end":84.5},"win_first_point":{"start":85.5,"end":86.68768707482994},"win_game":{"start":88,"end":91},"win_point":{"start":91.5,"end":92.5}}}